Instrument_0,Instrument_1,Trace_Statistic_0,Crit_0,Trace_Statistic_1,Crit_1
A,AAME,19.1259649755,[ 13.4294  15.4943  19.9349],4.21136188025,[ 2.7055  3.8415  6.6349]
