Instrument_0,Instrument_1,Trace_Statistic_0,Crit_0,Trace_Statistic_1,Crit_1
A,AA,14.9470833727,[ 13.4294  15.4943  19.9349],3.13210660736,[ 2.7055  3.8415  6.6349]
