,LEARNING_RATE,THRESHOLD,RETURN,TRADE_COUNT
0,0.01,0.1,0.80192,415
1,0.01,0.2,0.80192,415
2,0.01,0.3,0.80192,415
3,0.01,0.4,0.80192,415
